noise,mean_spearman,std_spearman,median_spearman,skew_spearman,mean_rank_overlap,std_rank_overlap,median_rank_overlap,skew_rank_overlap,average_accuracy
0.3,0.26258339274608256,0.27789289966135444,0.2797202797202798,-0.3093165650019058,0.3393550244774309,0.1915588674624421,0.31645381065175454,0.624033691611091,0.6060510000000001
