noise,mean_spearman,std_spearman,median_spearman,skew_spearman,mean_rank_overlap,std_rank_overlap,median_rank_overlap,skew_rank_overlap,average_accuracy
0.0,0.3358029822671905,0.25713661552393535,0.35664335664335667,-0.3997548686584574,0.3631926795639739,0.1941990977172739,0.32891504480965056,0.5456108323686414,0.8877039999999999
