noise,mean_spearman,std_spearman,median_spearman,skew_spearman,mean_rank_overlap,std_rank_overlap,median_rank_overlap,skew_rank_overlap,average_accuracy
0.5,0.26038673907437465,0.27919831132744627,0.2797202797202798,-0.32642574175543404,0.3391999104161892,0.1926232729489013,0.31645381065175454,0.6177704592524478,0.5017879999999999
