noise,mean_spearman,std_spearman,median_spearman,skew_spearman,mean_rank_overlap,std_rank_overlap,median_rank_overlap,skew_rank_overlap,average_accuracy
0.4,0.2642279629264445,0.2769241172206776,0.2797202797202798,-0.3150150808827893,0.3462635324551415,0.19382702067555224,0.3170032477839369,0.5941498756727144,0.5323290000000002
