noise,mean_spearman,std_spearman,median_spearman,skew_spearman,mean_rank_overlap,std_rank_overlap,median_rank_overlap,skew_rank_overlap,average_accuracy
0.1,0.3058776147930161,0.2680275597930983,0.3216783216783217,-0.36865955763028574,0.3496060525697846,0.19208736384518244,0.3170032477839369,0.6079323649281599,0.7994180000000002
