noise,mean_spearman,std_spearman,median_spearman,skew_spearman,mean_rank_overlap,std_rank_overlap,median_rank_overlap,skew_rank_overlap,average_accuracy
0.2,0.26982335451966694,0.27573636327224443,0.2867132867132868,-0.33128057405833605,0.3391126164696806,0.19089761016705814,0.31645381065175454,0.6327875597464835,0.7038579999999998
